<?xml version="1.0" encoding="UTF-8" standalone="yes"?>
<jfcportlet>
    <id>103</id>
    <portletId>jfcWorkflowStatusPortlet</portletId>
    <portletContentType>5</portletContentType>
    <portletTitle>ワークフロー</portletTitle>
    <portletHeight>200</portletHeight>
    <portletWidth>200</portletWidth>
    <portletDisplayOrder>4</portletDisplayOrder>
    <portletDisplayArea>2</portletDisplayArea>
    <portletContent>&lt;button id="btnJfcRefreshWorkflowstatusList" type="button"&gt;&lt;/button&gt;&lt;br/&gt;
&lt;div style="max-height: 130px; overflow-y: auto;"&gt;
開始フロー &lt;a href="showListJfcstartworkstate.do"&gt;( &lt;span id="jfcstartWorkflowNum"&gt;&lt;/span&gt; )&lt;/a&gt;&lt;br/&gt;
保留フロー &lt;a href="showListJfcsuspendworkstate.do"&gt;( &lt;span id="jfcsuspendWorkflowNum"&gt;&lt;/span&gt; )&lt;/a&gt;&lt;br/&gt;
&lt;div id="jfcSuspendWorkflowList"&gt;&lt;/div&gt;
&lt;/div&gt;
</portletContent>
    <portletScript>require(["dijit/form/Button", "dojo/dom", "dojo/dom-construct", "dojo/request"], function(Button, dom, domConstruct, request) {
  var displayWorkflowStatusNum = function(workstateType, num) {
    dom.byId("jfc" + workstateType + "WorkflowNum").innerHTML = num;
  };
  var displayJfcSuspendWorkflowList = function(data) {
    domConstruct.empty("jfcSuspendWorkflowList");
    var suspendWorkflowList = data.suspendflowmap;
    for (var key in suspendWorkflowList) {
      var suspendWorkflow = suspendWorkflowList[key];
      var innerHTML = "&amp;nbsp;" + suspendWorkflow.name;
      var suspendWorkflowInfo = domConstruct.create("div", {innerHTML: innerHTML}, "jfcSuspendWorkflowList");
      var href = "showListJfcsuspendworkstate.do?jfcsuspendworkstate_cp$002fcreateuser$005b1$005d$002f$0040id=" + key + "&amp;jfcsuspendworkstate_cp$002fsuspendparticipant_username$005b1$005d$002f$0040id=" + data.logonusername;
      innerHTML = " ( " + suspendWorkflow.count+ " )";
      domConstruct.create("a", {href: href, innerHTML: innerHTML}, suspendWorkflowInfo);
    }
  };

  var getWorkflowstatus = function(query) {
    var option = {
      headers: {
        'X-Wagby-RESTAPIVersion': "v2"
      },
      handleAs: "json"
    };
    if (query) {
      option['query'] = query;
    }
    request("rest/workflowstatus", option).then(function(data) {
      displayWorkflowStatusNum("start", data.startflownum);
      displayWorkflowStatusNum("suspend", data.suspendflownum);
      displayJfcSuspendWorkflowList(data);
    }, function(err) {
console.log("workflow status err: ", err);
    });
  };
  getWorkflowstatus();

  var refreshButton = new Button({
    label: "最新情報を取得",
    onClick: function() {
      getWorkflowstatus({__jfc_clear_wadget_workflow_cache:true});
    }
  }, "btnJfcRefreshWorkflowstatusList");
});
</portletScript>
</jfcportlet>
