<?xml version="1.0" encoding="UTF-8" standalone="yes"?>
<jfcportlet>
    <id>102</id>
    <portletId>jfcShowListNewsPortlet</portletId>
    <portletContentType>1</portletContentType>
    <portletTitle>お知らせ</portletTitle>
    <portletHeight>135</portletHeight>
    <portletWidth>700</portletWidth>
    <portletDisplayOrder>3</portletDisplayOrder>
    <portletDisplayArea>1</portletDisplayArea>
    <portletReferenceModelType>1</portletReferenceModelType>
    <portletReferenceModel>jnews</portletReferenceModel>
    <portletParameter>
        <id>102</id>
        <portletParameterjshid>0</portletParameterjshid>
        <pid>1</pid>
        <pparamName>jnews_cp$002flimitdate1jshparam</pparamName>
        <pvalue>${today}</pvalue>
    </portletParameter>
    <portletContent>&lt;style type="text/css"&gt;
.jnews {
  padding: 2px;
  margin-bottom: 5px;
  border: #c03 dotted 1px;
  background-color: #fee;
}
.jnews .title {
  font-weight: bold;
}
.nomsg { 
  color: #333;
}
&lt;/style&gt;
&lt;div id="jnewsItemList" style="height: 80px; overflow-y: auto;"&gt;&lt;/div&gt;
</portletContent>
    <portletScript>var displayJnewsItem = function(item) {
  var itemContainer = domConstruct.create("div", {'class': 'jnews'}, "jnewsItemList");
  var dateContainer = domConstruct.create("div", {innerHTML: (item.jnewsdate || item.jnewsdate_)}, itemContainer);
  var href = "showJnews.do?jnewsid=" + (item.jnewsid || item.jnewsid_);
  var titleLink = domConstruct.create("a", {href: href, innerHTML: (item.title || item.title_)}, itemContainer);
  if (item.report) {
    var report = item.report || item.report_;
    report = report.replace(/\r?\n/g, "&lt;br/&gt;");
    var reportContainer = domConstruct.create("div", {innerHTML: report}, itemContainer);
  }
};

if (typeof(data) !== 'undefined'){
  if (data.entity.length &gt; 0) {
    array.forEach(data.entity, function(item) {
      displayJnewsItem(item);
    });
  } else {
    domConstruct.create("div", {'class': 'nomsg', innerHTML: 'お知らせはありません'}, "jnewsItemList");
  }
}
</portletScript>
</jfcportlet>
