<?xml version="1.0" encoding="UTF-8" standalone="yes"?>
<jfcportlet>
    <id>104</id>
    <portletId>jfcModernCalendarPortlet</portletId>
    <portletContentType>6</portletContentType>
    <portletTitle>カレンダ</portletTitle>
    <portletHeight>450</portletHeight>
    <portletWidth>700</portletWidth>
    <portletDisplayOrder>1</portletDisplayOrder>
    <portletDisplayArea>1</portletDisplayArea>
    <portletScript>function jfcCalendarPortletOption() {
  return {
    "dateInterval": "week", // week:週表示, month:月表示
    "minHours": 8,          // 週表示時の開始時刻
    "maxHours": 24          // 週表示時の終了時刻
  };
}
</portletScript>
</jfcportlet>
