<?xml version="1.0" encoding="UTF-8" standalone="yes"?>
<jfcportlet>
    <id>101</id>
    <portletId>jfcShowListLogonUser</portletId>
    <portletContentType>5</portletContentType>
    <portletTitle>ログオンユーザ一覧</portletTitle>
    <portletHeight>200</portletHeight>
    <portletWidth>200</portletWidth>
    <portletDisplayOrder>2</portletDisplayOrder>
    <portletDisplayArea>2</portletDisplayArea>
    <portletContent>&lt;div id="jfcLogonUserListPortlet" style="max-height: 130px; overflow-y: auto"&gt;
&lt;/div&gt;</portletContent>
    <portletScript>require(["dojo/dom-construct", "dojo/request"], function(domConstruct, request) {
var displayLogonUser = function(data) {
  var i = 1;
  var maxDisplayUser = 30;
  for (var userName in data) {
    if (i &gt;= maxDisplayUser) {
      break;
    }
    domConstruct.create("div", {innerHTML: userName + " (" + data[userName][0] + ")"}, "jfcLogonUserListPortlet");
    i++;
  }
};

  request("rest/logonuser", {
    headers: {
      'X-Wagby-RESTAPIVersion': "v2"
    },
    handleAs: "json"
  }).then(function(data) {
    displayLogonUser(data);
  }, function(err) {
console.log("logonuser err: ", err);
  });
});
</portletScript>
</jfcportlet>
