<?xml version="1.0" encoding="UTF-8" standalone="yes"?>
<juser>
    <userid>test01</userid>
    <passwd>test01</passwd>
    <name>一般利用者A</name>
    <level>0</level>
    <passwdChangeDate>2018-09-08T17:24:13.809+09:00</passwdChangeDate>
    <GY_CODE>01</GY_CODE>
    <GY_CODE>02</GY_CODE>
    <jprincipalId>0</jprincipalId>
    <jprincipalId>1</jprincipalId>
    <jprincipalId>12</jprincipalId>
    <jprincipalId>9</jprincipalId>
    <jprincipalId>8</jprincipalId>
    <lastLogonDate>2018-09-09T21:45:42.455+09:00</lastLogonDate>
    <GY_CODE_HIDE>0102</GY_CODE_HIDE>
    <GP_CODE>1004</GP_CODE>
    <KAKUTEI_CODE>01</KAKUTEI_CODE>
</juser>
