<?xml version="1.0" encoding="UTF-8" standalone="yes"?>
<juser>
    <userid>test03</userid>
    <passwd>test03</passwd>
    <name>一般利用者C</name>
    <level>0</level>
    <passwdChangeDate>2018-09-08T17:25:05.653+09:00</passwdChangeDate>
    <GY_CODE>02</GY_CODE>
    <GY_CODE>03</GY_CODE>
    <jprincipalId>0</jprincipalId>
    <jprincipalId>12</jprincipalId>
    <jprincipalId>1</jprincipalId>
    <jprincipalId>9</jprincipalId>
    <GY_CODE_HIDE>0203</GY_CODE_HIDE>
    <KAKUTEI_CODE>02</KAKUTEI_CODE>
</juser>
