<?xml version="1.0" encoding="UTF-8" standalone="yes"?>
<juser>
    <userid>test02</userid>
    <passwd>test02</passwd>
    <name>一般利用者B</name>
    <level>0</level>
    <passwdChangeDate>2018-09-08T17:24:46.594+09:00</passwdChangeDate>
    <GY_CODE>02</GY_CODE>
    <jprincipalId>0</jprincipalId>
    <jprincipalId>12</jprincipalId>
    <jprincipalId>1</jprincipalId>
    <jprincipalId>9</jprincipalId>
    <lastLogonDate>2018-09-09T21:45:58.978+09:00</lastLogonDate>
    <GY_CODE_HIDE>02</GY_CODE_HIDE>
    <KAKUTEI_CODE>02</KAKUTEI_CODE>
</juser>
