<?xml version="1.0" encoding="UTF-8" standalone="yes"?>
<jfcflow_setting>
    <id>105</id>
    <name>順次・合議フロー</name>
    <description>申請→合議決裁</description>
    <layer>
        <id>105</id>
        <layerjshid>0</layerjshid>
        <layer_id>1</layer_id>
        <node_type>1</node_type>
        <node_name>申請</node_name>
    </layer>
    <layer>
        <id>105</id>
        <layerjshid>1</layerjshid>
        <layer_id>2</layer_id>
        <node_type>2</node_type>
        <approval_num>1</approval_num>
        <node_name>決裁1,決裁2</node_name>
    </layer>
</jfcflow_setting>
