<?xml version="1.0" encoding="UTF-8" standalone="yes"?>
<jfcflow_setting>
    <id>102</id>
    <name>順次・合議・順次フロー</name>
    <description>申請→合議承認→決裁</description>
    <layer>
        <id>102</id>
        <layerjshid>0</layerjshid>
        <layer_id>1</layer_id>
        <node_type>1</node_type>
        <node_name>申請</node_name>
    </layer>
    <layer>
        <id>102</id>
        <layerjshid>1</layerjshid>
        <layer_id>2</layer_id>
        <node_type>2</node_type>
        <approval_num>1</approval_num>
        <node_name>承認1,承認2</node_name>
    </layer>
    <layer>
        <id>102</id>
        <layerjshid>2</layerjshid>
        <layer_id>3</layer_id>
        <node_type>1</node_type>
        <node_name>決裁</node_name>
    </layer>
</jfcflow_setting>
