<?xml version="1.0" encoding="UTF-8" standalone="yes"?>
<jfcflow_setting>
    <id>101</id>
    <name>順次・順次・順次フロー</name>
    <description>申請→承認→決裁</description>
    <layer>
        <id>101</id>
        <layerjshid>0</layerjshid>
        <layer_id>1</layer_id>
        <node_type>1</node_type>
        <node_name>申請</node_name>
    </layer>
    <layer>
        <id>101</id>
        <layerjshid>1</layerjshid>
        <layer_id>2</layer_id>
        <node_type>1</node_type>
        <node_name>承認</node_name>
    </layer>
    <layer>
        <id>101</id>
        <layerjshid>2</layerjshid>
        <layer_id>3</layer_id>
        <node_type>1</node_type>
        <node_name>決裁</node_name>
    </layer>
</jfcflow_setting>
